id,Name,Surname,Department,Start Date
1,Bradley,Cooper,Accounting,2020-04-26
2,Dean,Gilmore,IT,2020-09-14
3,Lucius,Glass,Advertising,2019-01-13
4,Cailin,Mills,Data Analysis,2018-07-27
5,Audra,Cobb,Research and Development,2019-05-26
6,Desiree,Delacruz,Data Analysis,2018-05-05
7,Alfreda,Ryan,DevOps,2018-07-13
8,Hamilton,Manning,Media Relations,2018-03-09
9,Lyle,Schultz,Legal Department,2020-01-08
10,Hu,Hyde,Customer Service,2019-10-16
11,Melanie,David,Software Development,2020-06-27
12,Rogan,Miranda,Payroll,2019-04-15
13,Casey,Tate,Legal Department,2018-02-16
14,Nell,Ewing,Accounting,2019-05-23
15,Hayden,Puckett,IT Support,2019-07-09
16,Britanni,Burgess,DevOps,2019-11-11
17,Halla,Cantu,IT Support,2020-04-22
18,Yoshio,Pittman,Asset Management,2018-11-01
19,Scott,Nelson,Accounting,2019-04-24
20,Barry,Fry,Legal Department,2018-05-15
21,Aurora,Sanford,Asset Management,2020-06-13
22,Oleg,Noble,Media Relations,2020-05-07
23,Reuben,Stevens,Customer Service,2018-02-26
24,Fleur,Baker,Legal Department,2019-01-26
25,Fritz,Tanner,Quality Assurance,2019-07-08
26,Roth,Foster,Accounting,2020-01-09
27,Jennifer,Murphy,Customer Relations,2020-04-29
28,Raymond,Pate,Accounting,2020-05-16
29,Edward,Nichols,Software Development,2018-02-08
30,Malcolm,Harvey,Customer Service,2019-08-23
31,Wesley,Weaver,Asset Management,2019-07-30
32,Hedwig,Cain,Legal Department,2020-01-20
33,Beverly,Vasquez,Customer Relations,2018-08-12
34,Neil,Glass,Finances,2018-01-25
35,Zeus,Kirk,Advertising,2019-08-24
36,Brynn,Miles,Research and Development,2020-01-14
37,Price,Ferrell,Customer Relations,2018-10-13
38,Linus,Perry,Data Analysis,2019-07-05
39,Abigail,Bishop,Human Resources,2018-07-03
40,Chancellor,Kline,Software Development,2019-05-01
41,Micah,Bentley,Public Relations,2019-12-04
42,Burton,Sears,IT Support,2018-04-25
43,Tatyana,Perkins,Customer Relations,2018-08-15
44,Dana,Miles,Customer Service,2019-04-10
45,Desirae,Gaines,Advertising,2020-02-09
46,Ezra,Santos,Human Resources,2018-12-07
47,Dane,Schwartz,Asset Management,2018-01-03
48,Lareina,Mercado,Human Resources,2018-03-07
49,Tanek,Burton,Accounting,2020-01-13
50,May,Oliver,Software Development,2019-02-20
51,Kyle,Roach,Customer Relations,2020-06-02
52,Hoyt,Kramer,DevOps,2019-08-01
53,Yetta,Thomas,Sales and Marketing,2019-11-19
54,Nigel,Oneill,Quality Assurance,2019-09-19
55,Sheila,Richards,Advertising,2019-03-18
56,Orlando,Stanley,Advertising,2019-08-04
57,Bethany,Byers,Advertising,2018-09-25
58,Deacon,Blevins,Quality Assurance,2019-12-31
59,Lewis,Ochoa,Sales and Marketing,2018-02-02
60,Evangeline,Cooley,Payroll,2019-10-31
61,Benjamin,Vang,Asset Management,2018-07-16
62,Logan,Sharp,Sales and Marketing,2019-02-03
63,Hedwig,Bullock,Software Development,2018-11-17
64,Adam,Knowles,Finances,2018-04-12
65,Laith,Moreno,Accounting,2020-03-07
66,Kyla,Gay,Payroll,2020-01-13
67,Megan,Reed,Public Relations,2019-12-11
68,Ruby,Travis,Accounting,2019-09-08
69,Benedict,Mathis,Customer Relations,2019-09-13
70,Tashya,Schroeder,Payroll,2018-01-08
71,Hayden,Pollard,Customer Relations,2019-04-13
72,Giselle,Chavez,Accounting,2020-04-14
73,Baxter,Combs,Customer Service,2019-07-20
74,Madonna,Perkins,Data Analysis,2019-08-02
75,Indigo,Chen,Quality Assurance,2018-01-15
76,Olivia,Frederick,Finances,2020-01-24
77,Amery,Gardner,IT Support,2018-06-16
78,Erica,Compton,Customer Relations,2018-05-01
79,Kylan,Spencer,Quality Assurance,2019-02-11
80,Ryder,Adams,IT Support,2019-05-07
81,Raven,Benton,Advertising,2019-04-09
82,Vera,Carver,Asset Management,2020-04-22
83,Julie,Bates,Customer Service,2018-04-12
84,Phyllis,Miller,Finances,2019-02-28
85,Tiger,May,Public Relations,2018-01-08
86,Lesley,Fuentes,Quality Assurance,2019-10-16
87,Xandra,Gonzalez,Research and Development,2020-01-24
88,Brianna,Soto,Data Analysis,2018-03-25
89,Liberty,Pena,Advertising,2020-06-06
90,Ulla,Fulton,Human Resources,2019-12-13
91,Clio,Petersen,Data Analysis,2018-02-28
92,MacKenzie,Murphy,Research and Development,2019-11-26
93,Macon,Livingston,Legal Department,2019-01-11
94,Dylan,Jackson,DevOps,2018-02-26
95,Michael,Pickett,Software Development,2019-01-14
96,Xyla,Ferrell,Human Resources,2020-06-28
97,Nicholas,Brock,Quality Assurance,2020-06-24
98,Audra,Reyes,Advertising,2018-07-22
99,Maris,Rivera,Asset Management,2018-08-30
100,Dana,Harrington,IT Support,2019-02-21
101,India,Brock,Data Analysis,2018-03-30
102,Carol,Mathis,Data Analysis,2018-03-30
103,Ivory,Mccullough,DevOps,2020-02-11
104,Desirae,Cash,Data Analysis,2019-07-09
105,Chadwick,Dillon,Legal Department,2018-04-15
106,Ralph,Griffith,Customer Relations,2018-12-11
107,Plato,Taylor,Customer Service,2018-11-14
108,Bruno,Wallace,Human Resources,2020-05-17
109,Kelly,Dillon,Software Development,2019-03-30
110,Gavin,Garrett,Legal Department,2019-02-23
111,Giacomo,Duffy,Quality Assurance,2020-02-26
112,Gemma,Booker,Legal Department,2020-05-22
113,Jonas,Moon,DevOps,2018-04-30
114,Lydia,Mills,Quality Assurance,2019-05-23
115,Shellie,Poole,Research and Development,2019-12-15
116,Iris,Ramirez,Legal Department,2018-04-27
117,Nathaniel,Puckett,Asset Management,2019-02-17
118,Aladdin,Knight,Sales and Marketing,2019-08-23
119,Audra,Horn,Media Relations,2019-06-03
120,Hayes,Whitley,Media Relations,2019-10-31
121,Eric,Blackburn,Asset Management,2019-09-17
122,Blake,Franco,Sales and Marketing,2020-05-28
123,Stewart,Simmons,IT,2020-02-29
124,Anne,Giles,Customer Relations,2019-03-11
125,Oleg,Love,Advertising,2018-12-09
126,Jason,Meyer,Customer Service,2019-09-26
127,Casey,Gross,Customer Service,2019-01-26
128,Ronan,Daugherty,Data Analysis,2018-12-04
129,Adrienne,Higgins,Asset Management,2019-06-08
130,Andrew,Donaldson,Software Development,2019-01-15
131,Hedy,Guzman,IT Support,2018-05-20
132,Fiona,Montoya,IT Support,2020-03-24
133,Idola,Warren,Customer Relations,2019-10-15
134,Jenna,Odom,Sales and Marketing,2019-05-02
135,Keane,Greer,Public Relations,2019-02-18
136,Patience,Mann,Quality Assurance,2018-06-08
137,Lillith,Pace,Payroll,2018-02-02
138,Lucas,Fuentes,Asset Management,2019-04-05
139,Darryl,Levy,Human Resources,2019-04-30
140,Constance,Rocha,Human Resources,2019-08-13
141,Cade,Grant,Media Relations,2019-12-09
142,Denise,Wilkins,Customer Relations,2019-03-30
143,Lane,Newman,Customer Service,2020-01-14
144,Amela,Grant,Quality Assurance,2020-03-15
145,Lynn,Fowler,Sales and Marketing,2018-07-12
146,Leigh,Willis,Data Analysis,2020-01-13
147,Lionel,Wells,Advertising,2019-05-14
148,Clare,Saunders,Research and Development,2019-01-21
149,Richard,Dillon,Software Development,2019-01-19
150,Kaden,Moon,IT Support,2020-04-23
151,Jameson,Rowland,Customer Relations,2018-07-13
152,Otto,Bird,IT Support,2019-05-28
153,Hyacinth,Holman,Legal Department,2018-08-23
154,TaShya,Pruitt,Research and Development,2020-03-10
155,Ryan,Garrett,IT Support,2018-10-26
156,Dalton,Dennis,Legal Department,2018-02-07
157,David,Lamb,Legal Department,2019-05-29
158,Hiram,Browning,Public Relations,2018-01-21
159,Xaviera,Spence,Human Resources,2019-08-06
160,Gretchen,Holden,Accounting,2020-03-12
161,Rigel,Stafford,Asset Management,2018-10-02
162,Linda,Figueroa,Payroll,2019-08-19
163,Amelia,Bowen,DevOps,2019-08-24
164,Sigourney,Cameron,Public Relations,2018-07-27
165,Ian,Petty,Payroll,2018-08-19
166,Kibo,Barron,Payroll,2018-12-30
167,Teagan,Dodson,Accounting,2019-07-30
168,Emi,William,Sales and Marketing,2019-12-15
169,Quintessa,Ramsey,Finances,2019-08-31
170,Leilani,May,DevOps,2018-09-22
171,Gretchen,Schroeder,Human Resources,2018-03-20
172,Maxwell,Crosby,Legal Department,2018-04-03
173,Aurelia,Campbell,Asset Management,2019-10-01
174,Jermaine,Newman,DevOps,2020-04-18
175,James,Schwartz,DevOps,2018-10-11
176,Garrison,Keith,DevOps,2020-04-13
177,Arthur,Bradley,DevOps,2018-10-18
178,Adara,Mclaughlin,Data Analysis,2019-02-12
179,Summer,Fowler,DevOps,2018-03-27
180,Carolyn,Whitney,Media Relations,2018-08-05
181,Cally,Gilmore,Media Relations,2019-11-24
182,Nicholas,Neal,Finances,2018-09-08
183,Roanna,Barry,Legal Department,2019-09-28
184,Oscar,Copeland,Finances,2018-05-28
185,Drake,English,Media Relations,2020-03-12
186,Keane,Randall,Software Development,2019-06-19
187,Jescie,Bray,Finances,2018-11-03
188,Grant,Daugherty,Public Relations,2020-06-30
189,Belle,Lane,Data Analysis,2019-06-02
190,Katelyn,May,Payroll,2018-01-23
191,Margaret,Hooper,Asset Management,2020-01-05
192,Georgia,Larson,Finances,2019-09-01
193,Rashad,Mcconnell,Legal Department,2018-10-08
194,Irene,Dudley,Software Development,2018-02-25
195,Iona,Mckee,Finances,2020-02-15
196,Lavinia,Whitfield,Finances,2020-05-10
197,Maile,Hughes,Legal Department,2019-09-11
198,Haviva,Morrow,Research and Development,2019-07-08
199,Grady,Charles,Customer Service,2018-09-13
200,Walker,Cline,Public Relations,2019-03-27
201,Brendan,Pugh,Quality Assurance,2019-08-25
202,Honorato,Solomon,Customer Service,2019-05-24
203,Anjolie,Powell,IT Support,2019-10-01
204,Fatima,Kerr,IT Support,2019-11-16
205,Keefe,Logan,Payroll,2020-01-28
206,George,Frazier,Advertising,2018-12-28
207,Vivien,Stark,Accounting,2018-03-08
208,Kyra,Vance,Data Analysis,2020-06-10
209,Serena,Hodge,Customer Relations,2019-08-06
210,Ivana,Bowen,Software Development,2018-07-29
211,Oleg,Williamson,Sales and Marketing,2018-09-27
212,Sage,Frye,Accounting,2018-11-30
213,Keane,Tanner,Sales and Marketing,2018-05-09
214,Ivan,Dillard,Public Relations,2020-02-06
215,Malachi,Mccullough,Public Relations,2019-02-27
216,Hillary,Vega,DevOps,2020-01-23
217,George,William,DevOps,2019-12-19
218,Bert,Burke,Software Development,2018-06-01
219,Rudyard,Williamson,Accounting,2019-05-06
220,Lars,Roth,Legal Department,2018-09-28
221,Uriah,Moss,Customer Service,2018-08-03
222,Carter,Cummings,Customer Service,2018-12-25
223,Branden,Cabrera,Customer Relations,2018-09-29
224,Ruby,Richard,Asset Management,2020-01-05
225,Aurora,Macias,Public Relations,2020-05-19
226,Leilani,Ayala,Legal Department,2018-06-08
227,Tanek,Edwards,DevOps,2020-06-04
228,Taylor,Butler,Legal Department,2019-04-07
229,Marsden,Oneill,Human Resources,2019-10-02
230,Dominic,Barlow,Customer Relations,2018-07-04
231,Vaughan,Carter,Sales and Marketing,2018-01-30
232,Fay,Schroeder,Sales and Marketing,2019-03-15
233,Colt,Mcdaniel,Media Relations,2018-03-03
234,Kane,Rosa,Software Development,2020-03-09
235,Jamalia,Clarke,Sales and Marketing,2018-09-06
236,Joy,Hicks,Asset Management,2018-01-25
237,Kiona,Nguyen,Data Analysis,2020-06-11
238,Quynn,Parsons,Advertising,2020-06-25
239,Eleanor,Hood,Accounting,2019-07-09
240,Eve,Meyer,Software Development,2019-02-04
241,Laura,Richmond,Customer Service,2018-03-13
242,Yoko,Gray,Legal Department,2018-09-16
243,Nathan,Mays,Software Development,2019-05-20
244,Janna,Green,Accounting,2020-03-04
245,Jasmine,Howard,Public Relations,2018-07-13
246,Tana,Calhoun,Payroll,2018-12-12
247,Lucas,Myers,Data Analysis,2018-09-02
248,Echo,Foster,Human Resources,2018-01-26
249,Brody,Carter,Sales and Marketing,2018-01-13
250,Karyn,Roy,Payroll,2019-12-13
251,Jarrod,Nicholson,Payroll,2020-06-20
252,Alma,Ford,Quality Assurance,2018-05-31
253,Jesse,Wade,Research and Development,2020-01-25
254,Quon,Figueroa,Payroll,2018-07-17
255,Hu,Simpson,Sales and Marketing,2019-06-27
256,Lane,Mendoza,Asset Management,2018-10-19
257,Cherokee,Dillard,Customer Service,2019-09-06
258,Candice,Malone,Public Relations,2019-10-03
259,Dylan,Mcfadden,Media Relations,2018-04-05
260,Lilah,Hanson,DevOps,2019-12-01
261,Slade,Roman,Asset Management,2019-11-20
262,Jonah,Mcdowell,Software Development,2018-06-19
263,Quamar,Stewart,Media Relations,2019-10-04
264,Lee,Phelps,Advertising,2018-05-04
265,Felix,Hunt,Advertising,2018-11-14
266,Asher,Sawyer,Research and Development,2018-08-01
267,Isabelle,Jefferson,Data Analysis,2019-08-15
268,Simone,Cash,Payroll,2018-10-06
269,Jelani,Fernandez,Software Development,2019-03-22
270,Branden,Hammond,DevOps,2018-07-24
271,Martin,Dalton,Legal Department,2019-03-03
272,Kasper,Alford,DevOps,2018-01-27
273,Paul,Spears,Finances,2019-05-06
274,Mary,Molina,Payroll,2019-10-18
275,Connor,Grimes,Asset Management,2020-01-19
276,Ainsley,Knight,Accounting,2019-01-21
277,Adrienne,Dalton,Payroll,2019-09-02
278,Jack,Franco,DevOps,2020-05-03
279,Benjamin,Blake,Quality Assurance,2019-03-05
280,Xerxes,James,Data Analysis,2019-03-06
281,Savannah,Wise,Data Analysis,2018-10-04
282,Justina,Hogan,Software Development,2019-09-29
283,Keaton,Edwards,Customer Service,2019-03-17
284,Rose,Compton,Sales and Marketing,2020-01-16
285,Mary,Eaton,Data Analysis,2018-08-11
286,Kirsten,Bernard,IT Support,2018-06-13
287,Knox,Williamson,Customer Relations,2019-02-15
288,Wesley,Crane,Customer Relations,2018-10-07
289,Venus,Love,Legal Department,2019-05-28
290,Michelle,Nielsen,Quality Assurance,2018-05-09
291,Aubrey,Kim,Media Relations,2018-04-19
292,Katell,Gill,Media Relations,2020-06-25
293,Jessamine,Myers,Sales and Marketing,2019-04-18
294,Kelsey,Adkins,Accounting,2020-06-29
295,Aidan,Schroeder,Public Relations,2020-03-13
296,Duncan,Lowery,Customer Service,2018-07-27
297,Ciaran,Chavez,Sales and Marketing,2019-11-07
298,Mannix,Estes,Accounting,2020-03-09
299,Morgan,Massey,Data Analysis,2019-07-26
300,Zephr,Woodward,Research and Development,2018-04-13
301,Virginia,Gordon,Software Development,2018-04-20
302,Felix,Parks,Data Analysis,2019-01-29
303,Eric,Giles,Advertising,2019-07-01
304,Ivory,Glenn,Customer Service,2018-02-11
305,Zelda,Deleon,Accounting,2018-12-27
306,Tate,Chang,IT Support,2020-03-27
307,Zeph,English,Sales and Marketing,2020-03-10
308,Olga,Vincent,Media Relations,2018-10-12
309,Henry,Bullock,Software Development,2018-08-01
310,Rina,Mcfarland,Public Relations,2018-02-10
311,Vera,Mccullough,Human Resources,2018-05-02
312,Neil,Warner,Media Relations,2019-02-05
313,Macy,Walls,DevOps,2019-11-22
314,Xaviera,Carlson,Data Analysis,2019-08-05
315,Brenda,Barton,IT Support,2019-07-22
316,Neville,Ball,DevOps,2019-05-26
317,Colin,Maddox,Payroll,2020-02-05
318,Lee,Jacobs,Customer Relations,2020-02-17
319,Samantha,Lee,Sales and Marketing,2018-06-11
320,Aurelia,Giles,Legal Department,2018-01-01
321,Vance,Hardin,Asset Management,2018-03-26
322,Fallon,Neal,Accounting,2018-12-10
323,Giselle,Dillon,Advertising,2020-04-24
324,Vaughan,English,Asset Management,2019-05-06
325,Gwendolyn,Castillo,Accounting,2018-12-24
326,Gage,Vega,DevOps,2019-03-04
327,Sydnee,Pickett,Customer Service,2018-02-05
328,Josiah,Stuart,Quality Assurance,2018-08-01
329,Elton,Schmidt,Customer Service,2018-05-16
330,Hyacinth,Mack,Legal Department,2018-09-08
331,Lucy,Wade,Research and Development,2019-02-25
332,Miranda,Vasquez,Asset Management,2019-06-08
333,Diana,Mccall,Quality Assurance,2019-02-14
334,Jasper,Gibbs,Research and Development,2018-05-24
335,Elvis,Davidson,Finances,2019-09-19
336,Ali,Tate,Data Analysis,2018-08-18
337,Wynne,Anthony,IT Support,2019-12-20
338,Tallulah,Dean,Advertising,2018-05-23
339,Chase,Chandler,Human Resources,2019-05-10
340,Lawrence,Berger,Data Analysis,2018-12-09
341,Bradley,Workman,Advertising,2018-02-09
342,Rosalyn,Bullock,Human Resources,2019-08-19
343,Tasha,Hodge,Customer Service,2020-01-04
344,Carol,Weiss,Legal Department,2019-10-22
345,Ferris,Benton,Finances,2018-07-05
346,Kalia,Perez,Software Development,2020-05-13
347,Thaddeus,Hughes,Public Relations,2019-07-14
348,Eleanor,Dorsey,Human Resources,2019-03-29
349,Jaden,Lowe,Customer Service,2018-06-24
350,Darius,Goodman,Legal Department,2019-10-06
351,Josiah,Morrow,Customer Service,2020-03-09
352,Hedley,Phelps,Advertising,2018-08-01
353,Kelly,Byrd,Research and Development,2018-09-14
354,Isabelle,Harper,Public Relations,2018-12-18
355,Alexander,Dillard,Research and Development,2019-08-28
356,Neil,Orr,Payroll,2018-12-22
357,Halla,Henry,DevOps,2018-04-20
358,Judah,Sloan,Media Relations,2018-05-31
359,Myra,Chambers,Data Analysis,2018-06-20
360,Allistair,Mcdaniel,Accounting,2019-06-01
361,Laura,Chan,Research and Development,2018-12-08
362,Linus,Cantrell,DevOps,2020-04-04
363,Fatima,Robinson,Legal Department,2019-09-06
364,Curran,Farley,Human Resources,2019-01-12
365,Harding,Mcmillan,Quality Assurance,2019-07-04
366,Ella,Sloan,Quality Assurance,2019-08-24
367,Rhiannon,Dodson,Customer Service,2020-03-09
368,Reese,Franks,Advertising,2018-10-14
369,Stewart,Todd,IT,2019-05-01
370,Kay,Pratt,Public Relations,2020-03-24
371,Kristen,Christensen,Quality Assurance,2018-01-29
372,Jerome,Livingston,Advertising,2018-02-19
373,Heather,Warren,Data Analysis,2018-07-02
374,Thane,Rich,Customer Relations,2020-01-26
375,Kiara,Farrell,Research and Development,2019-11-27
376,Justin,Dalton,Payroll,2019-10-17
377,Holmes,Kent,Advertising,2018-09-08
378,Alana,Potts,DevOps,2018-01-26
379,Clementine,Ford,Quality Assurance,2018-10-20
380,Darrel,Mccray,Customer Service,2019-07-19
381,Carson,Finley,DevOps,2019-08-20
382,Beck,Padilla,Quality Assurance,2018-09-21
383,Gregory,Berger,Customer Relations,2018-07-25
384,Phelan,Fields,Quality Assurance,2019-12-27
385,Kylan,Mccormick,Public Relations,2019-04-26
386,Jordan,Golden,Finances,2020-06-27
387,Yoshi,Molina,Sales and Marketing,2020-01-02
388,Tobias,Mcleod,Advertising,2020-03-05
389,Alfonso,Jackson,Media Relations,2018-03-25
390,Kennedy,Harrington,Customer Relations,2019-06-06
391,Kessie,Rutledge,Payroll,2018-12-14
392,Rafael,Vaughan,Advertising,2020-05-13
393,Lucy,Calhoun,Accounting,2019-01-05
394,Paula,Norris,Public Relations,2018-12-06
395,Jarrod,Carlson,Media Relations,2018-01-07
396,Wyoming,Pacheco,Advertising,2019-06-02
397,Iris,George,Public Relations,2018-04-02
398,Devin,Bush,Accounting,2019-05-04
